id,deputy_name,consignment_name,url,income_sum
99110909,Аникеев Григорий Викторович,«ЕДИНАЯ РОССИЯ»,http://duma.gov.ru/duma/persons/99110909/,2733348573
99110096,Симановский Леонид Яковлевич,«ЕДИНАЯ РОССИЯ»,http://duma.gov.ru/duma/persons/99110096/,1591922660
99109981,Борцов Николай Иванович,«ЕДИНАЯ РОССИЯ»,http://duma.gov.ru/duma/persons/99109981/,808831944
99100696,Скоч Андрей Владимирович,«ЕДИНАЯ РОССИЯ»,http://duma.gov.ru/duma/persons/99100696/,427432155
99111833,Жигарев Сергей Александрович,ЛДПР,http://duma.gov.ru/duma/persons/99111833/,294845164
99112930,Блоцкий Владимир Николаевич,КПРФ,http://duma.gov.ru/duma/persons/99112930/,284359680
99112242,Пономарев Аркадий Николаевич,«ЕДИНАЯ РОССИЯ»,http://duma.gov.ru/duma/persons/99112242/,186534298
99109963,Саблин Дмитрий Вадимович,«ЕДИНАЯ РОССИЯ»,http://duma.gov.ru/duma/persons/99109963/,168374404
99112003,Ремезков Александр Александрович,СПРАВЕДЛИВАЯ РОССИЯ,http://duma.gov.ru/duma/persons/99112003/,164849457
99104631,Панина Елена Владимировна,«ЕДИНАЯ РОССИЯ»,http://duma.gov.ru/duma/persons/99104631/,159860701
99112010,Брыксин Александр Юрьевич,«ЕДИНАЯ РОССИЯ»,http://duma.gov.ru/duma/persons/99112010/,138920841
99110299,Смирнов Юрий Валентинович,«ЕДИНАЯ РОССИЯ»,http://duma.gov.ru/duma/persons/99110299/,135402991
99100750,Лебедев Игорь Владимирович,ЛДПР,http://duma.gov.ru/duma/persons/99100750/,113575750
99100052,Булавинов Вадим Евгеньевич,«ЕДИНАЯ РОССИЯ»,http://duma.gov.ru/duma/persons/99100052/,109212345
99111929,Прокопьев Александр Сергеевич,«ЕДИНАЯ РОССИЯ»,http://duma.gov.ru/duma/persons/99111929/,108422128
99100790,Омаров Гаджимурад Заирбекович,СПРАВЕДЛИВАЯ РОССИЯ,http://duma.gov.ru/duma/persons/99100790/,105762538
99100886,Резник Владислав Матусович,«ЕДИНАЯ РОССИЯ»,http://duma.gov.ru/duma/persons/99100886/,93708535
99100829,Володин Вячеслав Викторович,«ЕДИНАЯ РОССИЯ»,http://duma.gov.ru/duma/persons/99100829/,84046445
1055895,Пайкин Борис Романович,ЛДПР,http://duma.gov.ru/duma/persons/1055895/,70611777
99111832,Жарков Антон Викторович,«ЕДИНАЯ РОССИЯ»,http://duma.gov.ru/duma/persons/99111832/,58279445
1055903,Ярошук Александр Георгиевич,«ЕДИНАЯ РОССИЯ»,http://duma.gov.ru/duma/persons/1055903/,53155651
99112012,Василенко Александр Борисович,«ЕДИНАЯ РОССИЯ»,http://duma.gov.ru/duma/persons/99112012/,52100471
1055928,Лябихов Роман Михайлович,КПРФ,http://duma.gov.ru/duma/persons/1055928/,50174038
99110921,Богуславский Ирек Борисович,«ЕДИНАЯ РОССИЯ»,http://duma.gov.ru/duma/persons/99110921/,49156329
99111875,Кумин Вадим Валентинович,КПРФ,http://duma.gov.ru/duma/persons/99111875/,47427426
99111028,Петров Сергей Валериевич,«ЕДИНАЯ РОССИЯ»,http://duma.gov.ru/duma/persons/99111028/,43964862
99112911,Жупиков Александр Владимирович,«ЕДИНАЯ РОССИЯ»,http://duma.gov.ru/duma/persons/99112911/,43706135
99107687,Гартунг Валерий Карлович,СПРАВЕДЛИВАЯ РОССИЯ,http://duma.gov.ru/duma/persons/99107687/,39341462
99100142,Жириновский Владимир Вольфович,ЛДПР,http://duma.gov.ru/duma/persons/99100142/,39039512
99112862,Сопчук Сергей Андреевич,«ЕДИНАЯ РОССИЯ»,http://duma.gov.ru/duma/persons/99112862/,37014417
99112782,Ковпак Лев Игоревич,«ЕДИНАЯ РОССИЯ»,http://duma.gov.ru/duma/persons/99112782/,36036209
99111991,Гаджиев Мурад Станиславович,«ЕДИНАЯ РОССИЯ»,http://duma.gov.ru/duma/persons/99111991/,34622626
99112808,Медведев Иван Владимирович,«ЕДИНАЯ РОССИЯ»,http://duma.gov.ru/duma/persons/99112808/,33847691
99111780,Ананских Игорь Александрович,СПРАВЕДЛИВАЯ РОССИЯ,http://duma.gov.ru/duma/persons/99111780/,33719160
99112761,Дивинский Игорь Борисович,«ЕДИНАЯ РОССИЯ»,http://duma.gov.ru/duma/persons/99112761/,32964204
99110089,Хор Глеб Яковлевич,«ЕДИНАЯ РОССИЯ»,http://duma.gov.ru/duma/persons/99110089/,32436041
99112028,Завальный Павел Николаевич,«ЕДИНАЯ РОССИЯ»,http://duma.gov.ru/duma/persons/99112028/,31752816
99111988,Иванюженков Борис Викторович,КПРФ,http://duma.gov.ru/duma/persons/99111988/,29708608
99112854,Серпер Евгений Александрович,«ЕДИНАЯ РОССИЯ»,http://duma.gov.ru/duma/persons/99112854/,26694909
99101528,Герасименко Николай Федорович,«ЕДИНАЯ РОССИЯ»,http://duma.gov.ru/duma/persons/99101528/,26282719
99100295,Никонов Вячеслав Алексеевич,«ЕДИНАЯ РОССИЯ»,http://duma.gov.ru/duma/persons/99100295/,25876739
99111950,Сухарев Иван Константинович,ЛДПР,http://duma.gov.ru/duma/persons/99111950/,24101801
99112009,Федяев Павел Михайлович,«ЕДИНАЯ РОССИЯ»,http://duma.gov.ru/duma/persons/99112009/,22892831
99109957,Третьяк Владислав Александрович,«ЕДИНАЯ РОССИЯ»,http://duma.gov.ru/duma/persons/99109957/,22528811
99112894,Щапов Михаил Викторович,КПРФ,http://duma.gov.ru/duma/persons/99112894/,22369951
99112741,Бузилов Валерий Викторович,«ЕДИНАЯ РОССИЯ»,http://duma.gov.ru/duma/persons/99112741/,21793089
99111015,Напсо Юрий Аисович,ЛДПР,http://duma.gov.ru/duma/persons/99111015/,21400072
99111804,Валуев Николай Сергеевич,«ЕДИНАЯ РОССИЯ»,http://duma.gov.ru/duma/persons/99111804/,21055504
1055932,Лисовенко Алексей Анатольевич,«ЕДИНАЯ РОССИЯ»,http://duma.gov.ru/duma/persons/1055932/,20976038
99112830,Пахомов Сергей Александрович,«ЕДИНАЯ РОССИЯ»,http://duma.gov.ru/duma/persons/99112830/,20897849
99111904,Москвичев Евгений Сергеевич,«ЕДИНАЯ РОССИЯ»,http://duma.gov.ru/duma/persons/99111904/,20895323
99112864,Сураев Максим Викторович,«ЕДИНАЯ РОССИЯ»,http://duma.gov.ru/duma/persons/99112864/,20570747
99109956,Максимова Надежда Сергеевна,«ЕДИНАЯ РОССИЯ»,http://duma.gov.ru/duma/persons/99109956/,20304785
99112018,Карлов Георгий Александрович,«ЕДИНАЯ РОССИЯ»,http://duma.gov.ru/duma/persons/99112018/,19738088
99112834,Петрунин Николай Юрьевич,«ЕДИНАЯ РОССИЯ»,http://duma.gov.ru/duma/persons/99112834/,18883284
99110033,Шайхутдинов Рифат Габдулхакович,"Депутаты, не входящие во фракции",http://duma.gov.ru/duma/persons/99110033/,18823696
99112823,Олейников Юрий Павлович,«ЕДИНАЯ РОССИЯ»,http://duma.gov.ru/duma/persons/99112823/,18588100
99112760,Дзюба Виктор Викторович,«ЕДИНАЯ РОССИЯ»,http://duma.gov.ru/duma/persons/99112760/,17426687
99112236,Катасонов Сергей Михайлович,ЛДПР,http://duma.gov.ru/duma/persons/99112236/,17408693
99112863,Станкевич Игорь Валентинович,«ЕДИНАЯ РОССИЯ»,http://duma.gov.ru/duma/persons/99112863/,17367027
99109998,Аршба Отари Ионович,«ЕДИНАЯ РОССИЯ»,http://duma.gov.ru/duma/persons/99109998/,17308034
99105318,Савицкая Светлана Евгеньевна,КПРФ,http://duma.gov.ru/duma/persons/99105318/,16730712
99112807,Марченко Евгений Евгеньевич,«ЕДИНАЯ РОССИЯ»,http://duma.gov.ru/duma/persons/99112807/,16234411
99111010,Мукабенова Марина Алексеевна,«ЕДИНАЯ РОССИЯ»,http://duma.gov.ru/duma/persons/99111010/,15612780
1055912,Шипулин Антон Владимирович,«ЕДИНАЯ РОССИЯ»,http://duma.gov.ru/duma/persons/1055912/,15566690
99112642,Романенко Роман Юрьевич,«ЕДИНАЯ РОССИЯ»,http://duma.gov.ru/duma/persons/99112642/,15487237
99112025,Терешкова Валентина Владимировна,«ЕДИНАЯ РОССИЯ»,http://duma.gov.ru/duma/persons/99112025/,15310949
99111793,Берулава Михаил Николаевич,КПРФ,http://duma.gov.ru/duma/persons/99111793/,15296009
99112824,Онищенко Геннадий Григорьевич,«ЕДИНАЯ РОССИЯ»,http://duma.gov.ru/duma/persons/99112824/,15183551
99111859,Когогина Альфия Гумаровна,«ЕДИНАЯ РОССИЯ»,http://duma.gov.ru/duma/persons/99111859/,14893602
99100416,Чилингаров Артур Николаевич,«ЕДИНАЯ РОССИЯ»,http://duma.gov.ru/duma/persons/99100416/,14593582
99111704,Скруг Валерий Степанович,«ЕДИНАЯ РОССИЯ»,http://duma.gov.ru/duma/persons/99111704/,14424348
99111931,Ресин Владимир Иосифович,«ЕДИНАЯ РОССИЯ»,http://duma.gov.ru/duma/persons/99111931/,14179282
99112875,Харсиев Алихан Анатольевич,«ЕДИНАЯ РОССИЯ»,http://duma.gov.ru/duma/persons/99112875/,13889595
99112882,Чернышев Михаил Анатольевич,«ЕДИНАЯ РОССИЯ»,http://duma.gov.ru/duma/persons/99112882/,13092165
99111063,Терентьев Александр Васильевич,СПРАВЕДЛИВАЯ РОССИЯ,http://duma.gov.ru/duma/persons/99111063/,12860833
1055908,Марков Евгений Владимирович,ЛДПР,http://duma.gov.ru/duma/persons/1055908/,12623333
99110982,Квитка Иван Иванович,«ЕДИНАЯ РОССИЯ»,http://duma.gov.ru/duma/persons/99110982/,12590127
99112885,Шаргунов Сергей Александрович,КПРФ,http://duma.gov.ru/duma/persons/99112885/,12016979
99100781,Муцоев Зелимхан Аликоевич,«ЕДИНАЯ РОССИЯ»,http://duma.gov.ru/duma/persons/99100781/,11988860
99112779,Катенев Владимир Иванович,«ЕДИНАЯ РОССИЯ»,http://duma.gov.ru/duma/persons/99112779/,11760873
1055917,Гордеев Алексей Васильевич,«ЕДИНАЯ РОССИЯ»,http://duma.gov.ru/duma/persons/1055917/,11543511
1055905,Якубовский Александр Владимирович,«ЕДИНАЯ РОССИЯ»,http://duma.gov.ru/duma/persons/1055905/,11472569
99109900,Ищенко Александр Николаевич,«ЕДИНАЯ РОССИЯ»,http://duma.gov.ru/duma/persons/99109900/,11398177
99111374,Фетисов Вячеслав Александрович,«ЕДИНАЯ РОССИЯ»,http://duma.gov.ru/duma/persons/99111374/,11341164
99112014,Есяков Сергей Яковлевич,«ЕДИНАЯ РОССИЯ»,http://duma.gov.ru/duma/persons/99112014/,11241619
99100158,Затулин Константин Федорович,«ЕДИНАЯ РОССИЯ»,http://duma.gov.ru/duma/persons/99100158/,11215439
99112007,Тен Сергей Юрьевич,«ЕДИНАЯ РОССИЯ»,http://duma.gov.ru/duma/persons/99112007/,11201264
99112922,Кобилев Алексей Геннадьевич,«ЕДИНАЯ РОССИЯ»,http://duma.gov.ru/duma/persons/99112922/,11180141
1055901,Веремеенко Сергей Алексеевич,«ЕДИНАЯ РОССИЯ»,http://duma.gov.ru/duma/persons/1055901/,10941836
99111049,Селезнев Валерий Сергеевич,ЛДПР,http://duma.gov.ru/duma/persons/99111049/,10913841
99112853,Серова Елена Олеговна,«ЕДИНАЯ РОССИЯ»,http://duma.gov.ru/duma/persons/99112853/,10656893
99112711,Шаманов Владимир Анатольевич,«ЕДИНАЯ РОССИЯ»,http://duma.gov.ru/duma/persons/99112711/,10296574
1055922,Самокутяев Александр Михайлович,СПРАВЕДЛИВАЯ РОССИЯ,http://duma.gov.ru/duma/persons/1055922/,10194544
99112928,Воевода Алексей Иванович,«ЕДИНАЯ РОССИЯ»,http://duma.gov.ru/duma/persons/99112928/,10063201
99112739,Боярский Сергей Михайлович,«ЕДИНАЯ РОССИЯ»,http://duma.gov.ru/duma/persons/99112739/,9931777
99112792,Кудрявцев Максим Георгиевич,«ЕДИНАЯ РОССИЯ»,http://duma.gov.ru/duma/persons/99112792/,9687238
99112726,Бахметьев Виталий Викторович,«ЕДИНАЯ РОССИЯ»,http://duma.gov.ru/duma/persons/99112726/,9629941
99112938,Осадчий Николай Иванович,КПРФ,http://duma.gov.ru/duma/persons/99112938/,9581810
99111967,Чепа Алексей Васильевич,СПРАВЕДЛИВАЯ РОССИЯ,http://duma.gov.ru/duma/persons/99111967/,9559068
99112861,Соломатина Татьяна Васильевна,«ЕДИНАЯ РОССИЯ»,http://duma.gov.ru/duma/persons/99112861/,9443570
99112685,Ситников Алексей Владимирович,«ЕДИНАЯ РОССИЯ»,http://duma.gov.ru/duma/persons/99112685/,9246188
99112768,Загребин Алексей Егорович,«ЕДИНАЯ РОССИЯ»,http://duma.gov.ru/duma/persons/99112768/,9140239
99111801,Бурматов Владимир Владимирович,«ЕДИНАЯ РОССИЯ»,http://duma.gov.ru/duma/persons/99111801/,9131923
99110082,Гаджиев Магомед Тажудинович,«ЕДИНАЯ РОССИЯ»,http://duma.gov.ru/duma/persons/99110082/,9115435
99107708,Пивненко Валентина Николаевна,«ЕДИНАЯ РОССИЯ»,http://duma.gov.ru/duma/persons/99107708/,8935680
99112892,Шулепов Евгений Борисович,«ЕДИНАЯ РОССИЯ»,http://duma.gov.ru/duma/persons/99112892/,8891371
1055924,Коваленко Андрей Николаевич,«ЕДИНАЯ РОССИЯ»,http://duma.gov.ru/duma/persons/1055924/,8872344
99111798,Бортко Владимир Владимирович,КПРФ,http://duma.gov.ru/duma/persons/99111798/,8772483
99112855,Сидоров Александр Леонидович,«ЕДИНАЯ РОССИЯ»,http://duma.gov.ru/duma/persons/99112855/,8643111
1055889,Бессараб Светлана Викторовна,«ЕДИНАЯ РОССИЯ»,http://duma.gov.ru/duma/persons/1055889/,8611385
99112803,Маграмов Абдулмажид Варисович,«ЕДИНАЯ РОССИЯ»,http://duma.gov.ru/duma/persons/99112803/,8591684
99112120,Аскендеров Заур Асевович,«ЕДИНАЯ РОССИЯ»,http://duma.gov.ru/duma/persons/99112120/,8589404
99109598,Кравченко Денис Борисович,«ЕДИНАЯ РОССИЯ»,http://duma.gov.ru/duma/persons/99109598/,8529555
99100972,Строкова Елена Викторовна,ЛДПР,http://duma.gov.ru/duma/persons/99100972/,8431743
99109906,Казаков Виктор Алексеевич,«ЕДИНАЯ РОССИЯ»,http://duma.gov.ru/duma/persons/99109906/,8378907
99112870,Торощин Игорь Андреевич,ЛДПР,http://duma.gov.ru/duma/persons/99112870/,8315375
99112805,Максимов Александр Александрович,«ЕДИНАЯ РОССИЯ»,http://duma.gov.ru/duma/persons/99112805/,8212223
99112921,Богодухов Владимир Иванович,«ЕДИНАЯ РОССИЯ»,http://duma.gov.ru/duma/persons/99112921/,8146723
99112925,Газгиреев Юшаа Орснакиевич,«ЕДИНАЯ РОССИЯ»,http://duma.gov.ru/duma/persons/99112925/,8130041
99100799,Драпеко Елена Григорьевна,СПРАВЕДЛИВАЯ РОССИЯ,http://duma.gov.ru/duma/persons/99100799/,8094900
99111220,Кабанова Валентина Викторовна,«ЕДИНАЯ РОССИЯ»,http://duma.gov.ru/duma/persons/99111220/,8044709
99111054,Сибагатуллин Фатих Саубанович,«ЕДИНАЯ РОССИЯ»,http://duma.gov.ru/duma/persons/99111054/,8026029
99112763,Духанина Любовь Николаевна,«ЕДИНАЯ РОССИЯ»,http://duma.gov.ru/duma/persons/99112763/,7989699
99110020,Езерский Николай Николаевич,КПРФ,http://duma.gov.ru/duma/persons/99110020/,7920573
99112813,Мищеряков Юрий Николаевич,«ЕДИНАЯ РОССИЯ»,http://duma.gov.ru/duma/persons/99112813/,7919808
99110102,Панков Николай Васильевич,«ЕДИНАЯ РОССИЯ»,http://duma.gov.ru/duma/persons/99110102/,7824662
99112513,Антонова Лидия Николаевна,«ЕДИНАЯ РОССИЯ»,http://duma.gov.ru/duma/persons/99112513/,7769592
99112857,Синяговский Владимир Ильич,«ЕДИНАЯ РОССИЯ»,http://duma.gov.ru/duma/persons/99112857/,7760629
99112608,Говорин Николай Васильевич,«ЕДИНАЯ РОССИЯ»,http://duma.gov.ru/duma/persons/99112608/,7682538
99105719,Смолин Олег Николаевич,КПРФ,http://duma.gov.ru/duma/persons/99105719/,7655860
99111093,Яровая Ирина Анатольевна,«ЕДИНАЯ РОССИЯ»,http://duma.gov.ru/duma/persons/99111093/,7640707
99100171,Зюганов Геннадий Андреевич,КПРФ,http://duma.gov.ru/duma/persons/99100171/,7589957
99100888,Сафаралиев Гаджимет Керимович,«ЕДИНАЯ РОССИЯ»,http://duma.gov.ru/duma/persons/99100888/,7433264
99112832,Перминов Дмитрий Сергеевич,«ЕДИНАЯ РОССИЯ»,http://duma.gov.ru/duma/persons/99112832/,7409262
99112866,Таймазов Артур Борисович,«ЕДИНАЯ РОССИЯ»,http://duma.gov.ru/duma/persons/99112866/,7381372
99112751,Газзаев Валерий Георгиевич,СПРАВЕДЛИВАЯ РОССИЯ,http://duma.gov.ru/duma/persons/99112751/,7370836
99112867,Тетерин Иван Михайлович,«ЕДИНАЯ РОССИЯ»,http://duma.gov.ru/duma/persons/99112867/,7332165
99110932,Вторыгина Елена Андреевна,«ЕДИНАЯ РОССИЯ»,http://duma.gov.ru/duma/persons/99110932/,7305604
99112748,Воробьев Александр Васильевич,«ЕДИНАЯ РОССИЯ»,http://duma.gov.ru/duma/persons/99112748/,7304475
99112784,Козловский Александр Николаевич,«ЕДИНАЯ РОССИЯ»,http://duma.gov.ru/duma/persons/99112784/,7284254
99112873,Фаррахов Айрат Закиевич,«ЕДИНАЯ РОССИЯ»,http://duma.gov.ru/duma/persons/99112873/,7257115
99110999,Луговой Андрей Константинович,ЛДПР,http://duma.gov.ru/duma/persons/99110999/,7227754
99100248,Макаров Андрей Михайлович,«ЕДИНАЯ РОССИЯ»,http://duma.gov.ru/duma/persons/99100248/,7227357
99112762,Драчев Владимир Петрович,«ЕДИНАЯ РОССИЯ»,http://duma.gov.ru/duma/persons/99112762/,7204938
99100452,Морозов Олег Викторович,«ЕДИНАЯ РОССИЯ»,http://duma.gov.ru/duma/persons/99100452/,7161425
99110050,Кашин Владимир Иванович,КПРФ,http://duma.gov.ru/duma/persons/99110050/,7121160
99112362,Белых Ирина Викторовна,«ЕДИНАЯ РОССИЯ»,http://duma.gov.ru/duma/persons/99112362/,7119832
99112825,Осипов Илья Владимирович,«ЕДИНАЯ РОССИЯ»,http://duma.gov.ru/duma/persons/99112825/,7106921
99111820,Гутенев Владимир Владимирович,«ЕДИНАЯ РОССИЯ»,http://duma.gov.ru/duma/persons/99111820/,7095707
99112809,Мельник Владимир Иванович,«ЕДИНАЯ РОССИЯ»,http://duma.gov.ru/duma/persons/99112809/,7094558
99112896,Юмашева Инга Альбертовна,«ЕДИНАЯ РОССИЯ»,http://duma.gov.ru/duma/persons/99112896/,7092316
99112879,Чепиков Сергей Владимирович,«ЕДИНАЯ РОССИЯ»,http://duma.gov.ru/duma/persons/99112879/,7019518
99112766,Елыкомов Валерий Анатольевич,«ЕДИНАЯ РОССИЯ»,http://duma.gov.ru/duma/persons/99112766/,7013614
99110990,Корниенко Алексей Викторович,КПРФ,http://duma.gov.ru/duma/persons/99110990/,7009028
99111064,Терентьев Михаил Борисович,«ЕДИНАЯ РОССИЯ»,http://duma.gov.ru/duma/persons/99111064/,6995035
99111831,Ефимов Виталий Борисович,«ЕДИНАЯ РОССИЯ»,http://duma.gov.ru/duma/persons/99111831/,6987322
99111035,Роднина Ирина Константиновна,«ЕДИНАЯ РОССИЯ»,http://duma.gov.ru/duma/persons/99111035/,6982994
99109953,Заварзин Виктор Михайлович,«ЕДИНАЯ РОССИЯ»,http://duma.gov.ru/duma/persons/99109953/,6911932
99112727,Белеков Иван Итулович,«ЕДИНАЯ РОССИЯ»,http://duma.gov.ru/duma/persons/99112727/,6869276
99110914,Балыхин Григорий Артёмович,«ЕДИНАЯ РОССИЯ»,http://duma.gov.ru/duma/persons/99110914/,6856756
99112835,Пискарев Василий Иванович,«ЕДИНАЯ РОССИЯ»,http://duma.gov.ru/duma/persons/99112835/,6832959
99111789,Баталова Рима Акбердиновна,«ЕДИНАЯ РОССИЯ»,http://duma.gov.ru/duma/persons/99111789/,6817208
99112734,Боева Наталья Дмитриевна,«ЕДИНАЯ РОССИЯ»,http://duma.gov.ru/duma/persons/99112734/,6801583
1055891,Пилюс Наталия Николаевна,«ЕДИНАЯ РОССИЯ»,http://duma.gov.ru/duma/persons/1055891/,6792899
99111945,Синельщиков Юрий Петрович,КПРФ,http://duma.gov.ru/duma/persons/99111945/,6779230
99112023,Валеев Эрнест Абдулович,«ЕДИНАЯ РОССИЯ»,http://duma.gov.ru/duma/persons/99112023/,6770019
99100784,Аксаков Анатолий Геннадьевич,СПРАВЕДЛИВАЯ РОССИЯ,http://duma.gov.ru/duma/persons/99100784/,6731950
99112001,Саралиев Шамсаил Юнусович,«ЕДИНАЯ РОССИЯ»,http://duma.gov.ru/duma/persons/99112001/,6691837
99104023,Мельников Иван Иванович,КПРФ,http://duma.gov.ru/duma/persons/99104023/,6637503
99112757,Гулевский Михаил Владимирович,«ЕДИНАЯ РОССИЯ»,http://duma.gov.ru/duma/persons/99112757/,6635276
99111961,Хайров Ринат Шамильевич,«ЕДИНАЯ РОССИЯ»,http://duma.gov.ru/duma/persons/99111961/,6591553
99112764,Евланов Владимир Лазаревич,«ЕДИНАЯ РОССИЯ»,http://duma.gov.ru/duma/persons/99112764/,6564835
99109798,Морозов Антон Юрьевич,ЛДПР,http://duma.gov.ru/duma/persons/99109798/,6500215
99109613,Петров Юрий Александрович,«ЕДИНАЯ РОССИЯ»,http://duma.gov.ru/duma/persons/99109613/,6498728
99112852,Селиверстов Виктор Валентинович,«ЕДИНАЯ РОССИЯ»,http://duma.gov.ru/duma/persons/99112852/,6494019
99112432,Коткин Сергей Николаевич,«ЕДИНАЯ РОССИЯ»,http://duma.gov.ru/duma/persons/99112432/,6483947
99112849,Санина Наталья Петровна,«ЕДИНАЯ РОССИЯ»,http://duma.gov.ru/duma/persons/99112849/,6471069
99111888,Максимова Светлана Викторовна,«ЕДИНАЯ РОССИЯ»,http://duma.gov.ru/duma/persons/99111888/,6438237
99110958,Журова Светлана Сергеевна,«ЕДИНАЯ РОССИЯ»,http://duma.gov.ru/duma/persons/99110958/,6424287
99112015,Красов Андрей Леонидович,«ЕДИНАЯ РОССИЯ»,http://duma.gov.ru/duma/persons/99112015/,6422720
99110213,Нилов Ярослав Евгеньевич,ЛДПР,http://duma.gov.ru/duma/persons/99110213/,6406702
99109942,Кармазина Раиса Васильевна,«ЕДИНАЯ РОССИЯ»,http://duma.gov.ru/duma/persons/99109942/,6391348
99112735,Бокк Владимир Владимирович,«ЕДИНАЯ РОССИЯ»,http://duma.gov.ru/duma/persons/99112735/,6386492
99112778,Канаев Алексей Валерианович,«ЕДИНАЯ РОССИЯ»,http://duma.gov.ru/duma/persons/99112778/,6352475
99100522,Иванов Сергей Владимирович,ЛДПР,http://duma.gov.ru/duma/persons/99100522/,6350784
99111778,Алексеева Татьяна Олеговна,«ЕДИНАЯ РОССИЯ»,http://duma.gov.ru/duma/persons/99111778/,6319608
99111733,Крупенников Владимир Александрович,«ЕДИНАЯ РОССИЯ»,http://duma.gov.ru/duma/persons/99111733/,6297432
99109912,Хинштейн Александр Евсеевич,«ЕДИНАЯ РОССИЯ»,http://duma.gov.ru/duma/persons/99109912/,6293046
99100110,Грешневиков Анатолий Николаевич,СПРАВЕДЛИВАЯ РОССИЯ,http://duma.gov.ru/duma/persons/99100110/,6288206
99112935,Петров Анатолий Ильич,«ЕДИНАЯ РОССИЯ»,http://duma.gov.ru/duma/persons/99112935/,6283276
1055910,Пилипенко Ольга Васильевна,«ЕДИНАЯ РОССИЯ»,http://duma.gov.ru/duma/persons/1055910/,6271579
99110949,Демченко Иван Иванович,«ЕДИНАЯ РОССИЯ»,http://duma.gov.ru/duma/persons/99110949/,6266582
99110085,Гильмутдинов Ильдар Ирекович,«ЕДИНАЯ РОССИЯ»,http://duma.gov.ru/duma/persons/99110085/,6261662
99109949,Хованская Галина Петровна,СПРАВЕДЛИВАЯ РОССИЯ,http://duma.gov.ru/duma/persons/99109949/,6257111
1055902,Сватковский Дмитрий Валерьевич,«ЕДИНАЯ РОССИЯ»,http://duma.gov.ru/duma/persons/1055902/,6253729
99112740,Брыкин Николай Гаврилович,«ЕДИНАЯ РОССИЯ»,http://duma.gov.ru/duma/persons/99112740/,6233723
99100407,Харитонов Николай Михайлович,КПРФ,http://duma.gov.ru/duma/persons/99100407/,6227446
99110929,Водолацкий Виктор Петрович,«ЕДИНАЯ РОССИЯ»,http://duma.gov.ru/duma/persons/99110929/,6220447
99112752,Ганиев Фарит Глюсович,«ЕДИНАЯ РОССИЯ»,http://duma.gov.ru/duma/persons/99112752/,6216567
99100185,Калашников Сергей Вячеславович,ЛДПР,http://duma.gov.ru/duma/persons/99100185/,6209256
1055904,Кузьмин Андрей Альбертович,ЛДПР,http://duma.gov.ru/duma/persons/1055904/,6203075
99111930,Рахматуллина Зугура Ягануровна,«ЕДИНАЯ РОССИЯ»,http://duma.gov.ru/duma/persons/99111930/,6182251
99100700,Чайка Валентин Васильевич,«ЕДИНАЯ РОССИЯ»,http://duma.gov.ru/duma/persons/99100700/,6173010
99111809,Выборный Анатолий Борисович,«ЕДИНАЯ РОССИЯ»,http://duma.gov.ru/duma/persons/99111809/,6171883
1055919,Березин Никита Владимирович,ЛДПР,http://duma.gov.ru/duma/persons/1055919/,6159043
99111645,Шубин Игорь Николаевич,«ЕДИНАЯ РОССИЯ»,http://duma.gov.ru/duma/persons/99111645/,6155617
99112810,Милонов Виталий Валентинович,«ЕДИНАЯ РОССИЯ»,http://duma.gov.ru/duma/persons/99112810/,6145278
99100761,Крашенинников Павел Владимирович,«ЕДИНАЯ РОССИЯ»,http://duma.gov.ru/duma/persons/99100761/,6124429
99112886,Швыткин Юрий Николаевич,«ЕДИНАЯ РОССИЯ»,http://duma.gov.ru/duma/persons/99112886/,6123922
99112843,Рудченко Валентина Васильевна,«ЕДИНАЯ РОССИЯ»,http://duma.gov.ru/duma/persons/99112843/,6110963
99112796,Лавриненко Алексей Федорович,«ЕДИНАЯ РОССИЯ»,http://duma.gov.ru/duma/persons/99112796/,6110209
99109895,Поздняков Владимир Георгиевич,КПРФ,http://duma.gov.ru/duma/persons/99109895/,6092191
99112869,Толстой Петр Олегович,«ЕДИНАЯ РОССИЯ»,http://duma.gov.ru/duma/persons/99112869/,6088959
99111779,Алимова Ольга Николаевна,КПРФ,http://duma.gov.ru/duma/persons/99111779/,6082236
99112105,Огуль Леонид Анатольевич,«ЕДИНАЯ РОССИЯ»,http://duma.gov.ru/duma/persons/99112105/,6078593
99110954,Езубов Алексей Петрович,«ЕДИНАЯ РОССИЯ»,http://duma.gov.ru/duma/persons/99110954/,6074098
99112912,Назарова Наталья Васильевна,«ЕДИНАЯ РОССИЯ»,http://duma.gov.ru/duma/persons/99112912/,6065223
99112730,Беспалова Марина Павловна,«ЕДИНАЯ РОССИЯ»,http://duma.gov.ru/duma/persons/99112730/,6056454
99111854,Карпов Анатолий Евгеньевич,«ЕДИНАЯ РОССИЯ»,http://duma.gov.ru/duma/persons/99111854/,6054857
99112848,Сазонов Дмитрий Валерьевич,«ЕДИНАЯ РОССИЯ»,http://duma.gov.ru/duma/persons/99112848/,6044673
99111061,Тарасенко Михаил Васильевич,«ЕДИНАЯ РОССИЯ»,http://duma.gov.ru/duma/persons/99111061/,6042784
99112175,Иванов Валерий Викторович,«ЕДИНАЯ РОССИЯ»,http://duma.gov.ru/duma/persons/99112175/,6041790
99112897,Юрков Дмитрий Васильевич,«ЕДИНАЯ РОССИЯ»,http://duma.gov.ru/duma/persons/99112897/,6039678
1055913,Бобрышев Юрий Иванович,«ЕДИНАЯ РОССИЯ»,http://duma.gov.ru/duma/persons/1055913/,6026795
99100316,Плотников Владимир Николаевич,«ЕДИНАЯ РОССИЯ»,http://duma.gov.ru/duma/persons/99100316/,6014623
99100398,Федоров Евгений Алексеевич,«ЕДИНАЯ РОССИЯ»,http://duma.gov.ru/duma/persons/99100398/,6006273
99112889,Шишкоедов Василий Михайлович,«ЕДИНАЯ РОССИЯ»,http://duma.gov.ru/duma/persons/99112889/,5982989
99112914,Данчикова Галина Иннокентьевна,«ЕДИНАЯ РОССИЯ»,http://duma.gov.ru/duma/persons/99112914/,5982786
99112005,Боженов Сергей Андреевич,«ЕДИНАЯ РОССИЯ»,http://duma.gov.ru/duma/persons/99112005/,5981543
99100319,Пономарёв Алексей Алексеевич,КПРФ,http://duma.gov.ru/duma/persons/99100319/,5970892
99112712,Адучиев Батор Канурович,«ЕДИНАЯ РОССИЯ»,http://duma.gov.ru/duma/persons/99112712/,5969981
99112021,Афонский Владимир Игорьевич,«ЕДИНАЯ РОССИЯ»,http://duma.gov.ru/duma/persons/99112021/,5967718
99112755,Гоголева Татьяна Степановна,«ЕДИНАЯ РОССИЯ»,http://duma.gov.ru/duma/persons/99112755/,5966419
99111977,Шрейдер Виктор Филиппович,«ЕДИНАЯ РОССИЯ»,http://duma.gov.ru/duma/persons/99111977/,5961785
99103226,Кравец Александр Алексеевич,КПРФ,http://duma.gov.ru/duma/persons/99103226/,5957809
99112750,Гадыльшин Мурад Асфандиарович,«ЕДИНАЯ РОССИЯ»,http://duma.gov.ru/duma/persons/99112750/,5941994
99112877,Хуснулин Равиль Камильевич,«ЕДИНАЯ РОССИЯ»,http://duma.gov.ru/duma/persons/99112877/,5935425
99100315,Плетнева Тамара Васильевна,КПРФ,http://duma.gov.ru/duma/persons/99100315/,5930742
99112121,Аршинова Алёна Игоревна,«ЕДИНАЯ РОССИЯ»,http://duma.gov.ru/duma/persons/99112121/,5925720
99112887,Шеремет Михаил Сергеевич,«ЕДИНАЯ РОССИЯ»,http://duma.gov.ru/duma/persons/99112887/,5923730
99112749,Воронина Татьяна Евгеньевна,«ЕДИНАЯ РОССИЯ»,http://duma.gov.ru/duma/persons/99112749/,5918939
99112742,Букачаков Родион Борисович,«ЕДИНАЯ РОССИЯ»,http://duma.gov.ru/duma/persons/99112742/,5905758
99112800,Лоор Иван Иванович,«ЕДИНАЯ РОССИЯ»,http://duma.gov.ru/duma/persons/99112800/,5905214
99112920,Германова Ольга Михайловна,«ЕДИНАЯ РОССИЯ»,http://duma.gov.ru/duma/persons/99112920/,5896319
99112858,Скляр Геннадий Иванович,«ЕДИНАЯ РОССИЯ»,http://duma.gov.ru/duma/persons/99112858/,5893810
99102051,Гончар Николай Николаевич,«ЕДИНАЯ РОССИЯ»,http://duma.gov.ru/duma/persons/99102051/,5889801
99112819,Николаева Виктория Викторовна,«ЕДИНАЯ РОССИЯ»,http://duma.gov.ru/duma/persons/99112819/,5884082
99112430,Ганзя Вера Анатольевна,КПРФ,http://duma.gov.ru/duma/persons/99112430/,5869465
99112845,Савастьянова Ольга Викторовна,«ЕДИНАЯ РОССИЯ»,http://duma.gov.ru/duma/persons/99112845/,5867994
99100145,Жуков Александр Дмитриевич,«ЕДИНАЯ РОССИЯ»,http://duma.gov.ru/duma/persons/99100145/,5866227
99112927,Хасанов Мурат Русланович,«ЕДИНАЯ РОССИЯ»,http://duma.gov.ru/duma/persons/99112927/,5861759
99100749,Исаев Андрей Константинович,«ЕДИНАЯ РОССИЯ»,http://duma.gov.ru/duma/persons/99100749/,5860418
99111922,Пимашков Петр Иванович,«ЕДИНАЯ РОССИЯ»,http://duma.gov.ru/duma/persons/99111922/,5859900
99112828,Пантелеев Сергей Михайлович,КПРФ,http://duma.gov.ru/duma/persons/99112828/,5859314
99100666,Иванов Николай Николаевич,КПРФ,http://duma.gov.ru/duma/persons/99100666/,5854927
99112822,Окунева Ольга Владимировна,«ЕДИНАЯ РОССИЯ»,http://duma.gov.ru/duma/persons/99112822/,5849700
99112011,Кононов Владимир Михайлович,«ЕДИНАЯ РОССИЯ»,http://duma.gov.ru/duma/persons/99112011/,5848112
99111855,Качкаев Павел Рюрикович,«ЕДИНАЯ РОССИЯ»,http://duma.gov.ru/duma/persons/99111855/,5847511
99112860,Слыщенко Константин Григорьевич,«ЕДИНАЯ РОССИЯ»,http://duma.gov.ru/duma/persons/99112860/,5846361
99112721,Байгускаров Зариф Закирович,«ЕДИНАЯ РОССИЯ»,http://duma.gov.ru/duma/persons/99112721/,5845964
99109600,Лавров Олег Леонидович,ЛДПР,http://duma.gov.ru/duma/persons/99109600/,5842827
99112876,Хохлов Алексей Алексеевич,«ЕДИНАЯ РОССИЯ»,http://duma.gov.ru/duma/persons/99112876/,5833427
99112794,Кузьмин Михаил Владимирович,«ЕДИНАЯ РОССИЯ»,http://duma.gov.ru/duma/persons/99112794/,5832660
99112868,Тихомиров Анатолий Федорович,«ЕДИНАЯ РОССИЯ»,http://duma.gov.ru/duma/persons/99112868/,5831436
99112926,Марьяш Ирина Евгеньевна,«ЕДИНАЯ РОССИЯ»,http://duma.gov.ru/duma/persons/99112926/,5831166
99112788,Косяненко Евгений Викторович,«ЕДИНАЯ РОССИЯ»,http://duma.gov.ru/duma/persons/99112788/,5822893
99112780,Клыканов Александр Борисович,«ЕДИНАЯ РОССИЯ»,http://duma.gov.ru/duma/persons/99112780/,5820748
99112787,Костенко Наталья Васильевна,«ЕДИНАЯ РОССИЯ»,http://duma.gov.ru/duma/persons/99112787/,5819952
99110933,Вяткин Дмитрий Федорович,«ЕДИНАЯ РОССИЯ»,http://duma.gov.ru/duma/persons/99110933/,5817526
99111399,Кидяев Виктор Борисович,«ЕДИНАЯ РОССИЯ»,http://duma.gov.ru/duma/persons/99111399/,5809460
99112649,Митина Елена Анатольевна,«ЕДИНАЯ РОССИЯ»,http://duma.gov.ru/duma/persons/99112649/,5802025
99112874,Фирюлин Иван Иванович,«ЕДИНАЯ РОССИЯ»,http://duma.gov.ru/duma/persons/99112874/,5796854
99111850,Каминский Александр Викторович,«ЕДИНАЯ РОССИЯ»,http://duma.gov.ru/duma/persons/99111850/,5783622
99111892,Марданшин Рафаэль Мирхатимович,«ЕДИНАЯ РОССИЯ»,http://duma.gov.ru/duma/persons/99111892/,5782495
99112878,Цыбизова Татьяна Игоревна,«ЕДИНАЯ РОССИЯ»,http://duma.gov.ru/duma/persons/99112878/,5775876
99112821,Носов Александр Алексеевич,«ЕДИНАЯ РОССИЯ»,http://duma.gov.ru/duma/persons/99112821/,5770606
99111787,Бариев Марат Мансурович,«ЕДИНАЯ РОССИЯ»,http://duma.gov.ru/duma/persons/99111787/,5769579
99112814,Морозов Дмитрий Анатольевич,«ЕДИНАЯ РОССИЯ»,http://duma.gov.ru/duma/persons/99112814/,5768909
99112710,Фролова Тамара Ивановна,«ЕДИНАЯ РОССИЯ»,http://duma.gov.ru/duma/persons/99112710/,5765377
99112812,Миронова Валентина Михайловна,«ЕДИНАЯ РОССИЯ»,http://duma.gov.ru/duma/persons/99112812/,5763395
99112577,Солнцева Светлана Юрьевна,«ЕДИНАЯ РОССИЯ»,http://duma.gov.ru/duma/persons/99112577/,5760110
99100601,Рашкин Валерий Федорович,КПРФ,http://duma.gov.ru/duma/persons/99100601/,5753265
99111844,Ильтяков Александр Владимирович,«ЕДИНАЯ РОССИЯ»,http://duma.gov.ru/duma/persons/99111844/,5751819
99112039,Максимов Василий Юрьевич,«ЕДИНАЯ РОССИЯ»,http://duma.gov.ru/duma/persons/99112039/,5745901
99111823,Диденко Алексей Николаевич,ЛДПР,http://duma.gov.ru/duma/persons/99111823/,5744883
99100713,Неверов Сергей Иванович,«ЕДИНАЯ РОССИЯ»,http://duma.gov.ru/duma/persons/99100713/,5741224
99110911,Афонин Юрий Вячеславович,КПРФ,http://duma.gov.ru/duma/persons/99110911/,5726904
1055914,Зайцев Максим Сергеевич,ЛДПР,http://duma.gov.ru/duma/persons/1055914/,5725052
99111912,Нилов Олег Анатольевич,СПРАВЕДЛИВАЯ РОССИЯ,http://duma.gov.ru/duma/persons/99111912/,5724537
99112725,Бахарев Константин Михайлович,«ЕДИНАЯ РОССИЯ»,http://duma.gov.ru/duma/persons/99112725/,5722096
99112732,Бикбаев Ильдар Зинурович,«ЕДИНАЯ РОССИЯ»,http://duma.gov.ru/duma/persons/99112732/,5715817
99107264,Бугера Михаил Евгеньевич,«ЕДИНАЯ РОССИЯ»,http://duma.gov.ru/duma/persons/99107264/,5708825
99111877,Курбанов Ризван Даниялович,КПРФ,http://duma.gov.ru/duma/persons/99111877/,5699845
1055911,Пиляев Иван Сергеевич,ЛДПР,http://duma.gov.ru/duma/persons/1055911/,5698863
99112847,Савченко Светлана Борисовна,«ЕДИНАЯ РОССИЯ»,http://duma.gov.ru/duma/persons/99112847/,5696466
99112815,Москвин Денис Павлович,«ЕДИНАЯ РОССИЯ»,http://duma.gov.ru/duma/persons/99112815/,5696257
99112729,Березуцкий Юрий Николаевич,«ЕДИНАЯ РОССИЯ»,http://duma.gov.ru/duma/persons/99112729/,5690270
99112915,Кувшинова Наталья Сергеевна,«ЕДИНАЯ РОССИЯ»,http://duma.gov.ru/duma/persons/99112915/,5682430
99111920,Петров Александр Петрович,«ЕДИНАЯ РОССИЯ»,http://duma.gov.ru/duma/persons/99111920/,5682305
99110927,Валенчук Олег Дорианович,«ЕДИНАЯ РОССИЯ»,http://duma.gov.ru/duma/persons/99110927/,5681701
99111018,Новиков Дмитрий Георгиевич,КПРФ,http://duma.gov.ru/duma/persons/99111018/,5679864
99112871,Тутова Лариса Николаевна,«ЕДИНАЯ РОССИЯ»,http://duma.gov.ru/duma/persons/99112871/,5669268
99112790,Крючек Сергей Иванович,СПРАВЕДЛИВАЯ РОССИЯ,http://duma.gov.ru/duma/persons/99112790/,5659657
99112650,Туров Артём Викторович,«ЕДИНАЯ РОССИЯ»,http://duma.gov.ru/duma/persons/99112650/,5658184
1055897,Быков Олег Петрович,«ЕДИНАЯ РОССИЯ»,http://duma.gov.ru/duma/persons/1055897/,5657044
99112842,Романов Михаил Валентинович,«ЕДИНАЯ РОССИЯ»,http://duma.gov.ru/duma/persons/99112842/,5654856
99112816,Натаров Сергей Васильевич,ЛДПР,http://duma.gov.ru/duma/persons/99112816/,5648126
99112919,Павлова Ольга Ивановна,«ЕДИНАЯ РОССИЯ»,http://duma.gov.ru/duma/persons/99112919/,5646379
99111951,Тайсаев Казбек Куцукович,КПРФ,http://duma.gov.ru/duma/persons/99111951/,5644735
99112933,Касаева Татьяна Викторовна,«ЕДИНАЯ РОССИЯ»,http://duma.gov.ru/duma/persons/99112933/,5641777
1055899,Кривенко Татьяна Олеговна,«ЕДИНАЯ РОССИЯ»,http://duma.gov.ru/duma/persons/1055899/,5639175
99112820,Новиков Владимир Михайлович,«ЕДИНАЯ РОССИЯ»,http://duma.gov.ru/duma/persons/99112820/,5635991
99112000,Селимханов Магомед Саламович,«ЕДИНАЯ РОССИЯ»,http://duma.gov.ru/duma/persons/99112000/,5633294
99112777,Каличенко Андрей Владимирович,«ЕДИНАЯ РОССИЯ»,http://duma.gov.ru/duma/persons/99112777/,5632673
99112737,Бондарь Оксана Андреевна,«ЕДИНАЯ РОССИЯ»,http://duma.gov.ru/duma/persons/99112737/,5632587
99112719,Альшевских Андрей Геннадьевич,«ЕДИНАЯ РОССИЯ»,http://duma.gov.ru/duma/persons/99112719/,5632436
99112929,Поклонская Наталья Владимировна,«ЕДИНАЯ РОССИЯ»,http://duma.gov.ru/duma/persons/99112929/,5628639
99111852,Каргинов Сергей Генрихович,ЛДПР,http://duma.gov.ru/duma/persons/99111852/,5625815
99100654,Шаккум Мартин Люцианович,«ЕДИНАЯ РОССИЯ»,http://duma.gov.ru/duma/persons/99100654/,5625811
99112880,Черкесов Леонид Ильич,«ЕДИНАЯ РОССИЯ»,http://duma.gov.ru/duma/persons/99112880/,5625577
99111936,Савельев Дмитрий Иванович,ЛДПР,http://duma.gov.ru/duma/persons/99111936/,5624473
99112775,Кавинов Артем Александрович,«ЕДИНАЯ РОССИЯ»,http://duma.gov.ru/duma/persons/99112775/,5624421
99111893,Маринин Сергей Владимирович,ЛДПР,http://duma.gov.ru/duma/persons/99111893/,5622436
99112891,Шперов Павел Валентинович,ЛДПР,http://duma.gov.ru/duma/persons/99112891/,5622236
99112776,Казанков Сергей Иванович,КПРФ,http://duma.gov.ru/duma/persons/99112776/,5620556
99112924,Догаев Ахмед Шамханович,«ЕДИНАЯ РОССИЯ»,http://duma.gov.ru/duma/persons/99112924/,5619432
99112745,Веллер Алексей Борисович,«ЕДИНАЯ РОССИЯ»,http://duma.gov.ru/duma/persons/99112745/,5619372
99111981,Ющенко Александр Андреевич,КПРФ,http://duma.gov.ru/duma/persons/99111981/,5618635
99112851,Сапрыкина Татьяна Васильевна,«ЕДИНАЯ РОССИЯ»,http://duma.gov.ru/duma/persons/99112851/,5618224
99102119,Емельянов Михаил Васильевич,СПРАВЕДЛИВАЯ РОССИЯ,http://duma.gov.ru/duma/persons/99102119/,5617800
99112747,Власов Василий Максимович,ЛДПР,http://duma.gov.ru/duma/persons/99112747/,5617640
99112736,Бондаренко Елена Вениаминовна,«ЕДИНАЯ РОССИЯ»,http://duma.gov.ru/duma/persons/99112736/,5616864
99112917,Пушкарев Владимир Александрович,«ЕДИНАЯ РОССИЯ»,http://duma.gov.ru/duma/persons/99112917/,5616807
99112126,Тимофеева Ольга Викторовна,«ЕДИНАЯ РОССИЯ»,http://duma.gov.ru/duma/persons/99112126/,5616685
99110934,Гаврилов Сергей Анатольевич,КПРФ,http://duma.gov.ru/duma/persons/99110934/,5616495
99112806,Марков Андрей Павлович,«ЕДИНАЯ РОССИЯ»,http://duma.gov.ru/duma/persons/99112806/,5616118
99111836,Журавлев Алексей Александрович,"Депутаты, не входящие во фракции",http://duma.gov.ru/duma/persons/99111836/,5616111
99109636,Чиндяскин Сергей Викторович,«ЕДИНАЯ РОССИЯ»,http://duma.gov.ru/duma/persons/99109636/,5615733
99111048,Свищев Дмитрий Александрович,ЛДПР,http://duma.gov.ru/duma/persons/99111048/,5615400
99112127,Казакова Ольга Михайловна,«ЕДИНАЯ РОССИЯ»,http://duma.gov.ru/duma/persons/99112127/,5615315
99112913,Будуев Николай Робертович,«ЕДИНАЯ РОССИЯ»,http://duma.gov.ru/duma/persons/99112913/,5614843
99111086,Шхагошев Адальби Люлевич,«ЕДИНАЯ РОССИЯ»,http://duma.gov.ru/duma/persons/99111086/,5614209
99111795,Бифов Анатолий Жамалович,КПРФ,http://duma.gov.ru/duma/persons/99111795/,5613123
99111827,Дорохин Павел Сергеевич,КПРФ,http://duma.gov.ru/duma/persons/99111827/,5612667
99100776,Слуцкий Леонид Эдуардович,ЛДПР,http://duma.gov.ru/duma/persons/99100776/,5612436
99113072,Андрейченко Андрей Валерьевич,ЛДПР,http://duma.gov.ru/duma/persons/99113072/,5612436
99112937,Бессарабов Даниил Владимирович,«ЕДИНАЯ РОССИЯ»,http://duma.gov.ru/duma/persons/99112937/,5612125
99111812,Геккиев Заур Далхатович,«ЕДИНАЯ РОССИЯ»,http://duma.gov.ru/duma/persons/99111812/,5612069
99112772,Изотов Алексей Николаевич,«ЕДИНАЯ РОССИЯ»,http://duma.gov.ru/duma/persons/99112772/,5611803
99112934,Волков Юрий Геннадьевич,ЛДПР,http://duma.gov.ru/duma/persons/99112934/,5611781
99111873,Кулиева Василина Васильевна,ЛДПР,http://duma.gov.ru/duma/persons/99111873/,5611777
99112754,Гладких Борис Михайлович,«ЕДИНАЯ РОССИЯ»,http://duma.gov.ru/duma/persons/99112754/,5611777
99112795,Куринный Алексей Владимирович,КПРФ,http://duma.gov.ru/duma/persons/99112795/,5611777
99112798,Левицкий Юрий Андреевич,«ЕДИНАЯ РОССИЯ»,http://duma.gov.ru/duma/persons/99112798/,5611777
99112829,Парфенов Денис Андреевич,КПРФ,http://duma.gov.ru/duma/persons/99112829/,5611777
99112936,Авдеев Александр Александрович,«ЕДИНАЯ РОССИЯ»,http://duma.gov.ru/duma/persons/99112936/,5611777
99112753,Гетта Антон Александрович,«ЕДИНАЯ РОССИЯ»,http://duma.gov.ru/duma/persons/99112753/,5611746
99112466,Гусева Ирина Михайловна,«ЕДИНАЯ РОССИЯ»,http://duma.gov.ru/duma/persons/99112466/,5611492
99112722,Балыбердин Алексей Владимирович,«ЕДИНАЯ РОССИЯ»,http://duma.gov.ru/duma/persons/99112722/,5611345
99112774,Ишсарин Рамзил Рафаилович,«ЕДИНАЯ РОССИЯ»,http://duma.gov.ru/duma/persons/99112774/,5611082
99112811,Минкин Иршат Султанович,«ЕДИНАЯ РОССИЯ»,http://duma.gov.ru/duma/persons/99112811/,5611082
99112773,Исламов Дмитрий Викторович,«ЕДИНАЯ РОССИЯ»,http://duma.gov.ru/duma/persons/99112773/,5610933
99112743,Бурнашов Алексей Леонидович,«ЕДИНАЯ РОССИЯ»,http://duma.gov.ru/duma/persons/99112743/,5609805
1055473,Сайтиев Бувайсар Хамидович,«ЕДИНАЯ РОССИЯ»,http://duma.gov.ru/duma/persons/1055473/,5595869
99112899,Ямпольская Елена Александровна,«ЕДИНАЯ РОССИЯ»,http://duma.gov.ru/duma/persons/99112899/,5595664
99111948,Старовойтов Александр Сергеевич,ЛДПР,http://duma.gov.ru/duma/persons/99111948/,5592519
99111883,Лысаков Вячеслав Иванович,«ЕДИНАЯ РОССИЯ»,http://duma.gov.ru/duma/persons/99111883/,5592340
1055893,Малов Николай Владимирович,«ЕДИНАЯ РОССИЯ»,http://duma.gov.ru/duma/persons/1055893/,5588812
99112769,Земцов Николай Георгиевич,«ЕДИНАЯ РОССИЯ»,http://duma.gov.ru/duma/persons/99112769/,5588665
99110941,Голушко Андрей Иванович,«ЕДИНАЯ РОССИЯ»,http://duma.gov.ru/duma/persons/99110941/,5585498
99111939,Свинцов Андрей Николаевич,ЛДПР,http://duma.gov.ru/duma/persons/99111939/,5584856
99112032,Васильев Александр Николаевич,«ЕДИНАЯ РОССИЯ»,http://duma.gov.ru/duma/persons/99112032/,5576352
99112759,Дерябкин Виктор Ефимович,«ЕДИНАЯ РОССИЯ»,http://duma.gov.ru/duma/persons/99112759/,5575837
99112758,Дамдинов Алдар Валерьевич,«ЕДИНАЯ РОССИЯ»,http://duma.gov.ru/duma/persons/99112758/,5573985
99112746,Ветлужских Андрей Леонидович,«ЕДИНАЯ РОССИЯ»,http://duma.gov.ru/duma/persons/99112746/,5572341
1055916,Моляков Игорь Юрьевич,СПРАВЕДЛИВАЯ РОССИЯ,http://duma.gov.ru/duma/persons/1055916/,5571157
99112840,Пятикоп Александр Иванович,«ЕДИНАЯ РОССИЯ»,http://duma.gov.ru/duma/persons/99112840/,5569412
99111791,Белоусов Вадим Владимирович,СПРАВЕДЛИВАЯ РОССИЯ,http://duma.gov.ru/duma/persons/99111791/,5568267
99112483,Макиев Зураб Гайозович,«ЕДИНАЯ РОССИЯ»,http://duma.gov.ru/duma/persons/99112483/,5566256
1055907,Менделевич Борис Давыдович,«ЕДИНАЯ РОССИЯ»,http://duma.gov.ru/duma/persons/1055907/,5564524
99112839,Пушкина Оксана Викторовна,«ЕДИНАЯ РОССИЯ»,http://duma.gov.ru/duma/persons/99112839/,5561649
1055890,Пирог Дмитрий Юрьевич,«ЕДИНАЯ РОССИЯ»,http://duma.gov.ru/duma/persons/1055890/,5560443
99112728,Белик Дмитрий Анатольевич,«ЕДИНАЯ РОССИЯ»,http://duma.gov.ru/duma/persons/99112728/,5553933
99112799,Литовченко Анатолий Григорьевич,«ЕДИНАЯ РОССИЯ»,http://duma.gov.ru/duma/persons/99112799/,5550284
99112890,Шолохов Александр Михайлович,«ЕДИНАЯ РОССИЯ»,http://duma.gov.ru/duma/persons/99112890/,5544395
99112485,Вострецов Сергей Алексеевич,«ЕДИНАЯ РОССИЯ»,http://duma.gov.ru/duma/persons/99112485/,5543554
99112031,Пинский Виктор Витальевич,«ЕДИНАЯ РОССИЯ»,http://duma.gov.ru/duma/persons/99112031/,5542797
99112844,Рыжак Николай Иванович,СПРАВЕДЛИВАЯ РОССИЯ,http://duma.gov.ru/duma/persons/99112844/,5524446
99112037,Лебедев Олег Александрович,КПРФ,http://duma.gov.ru/duma/persons/99112037/,5514308
99109653,Азимов Рахим Азизбоевич,«ЕДИНАЯ РОССИЯ»,http://duma.gov.ru/duma/persons/99109653/,5507046
99112895,Эмиргамзаев Абдулгамид Гасанович,«ЕДИНАЯ РОССИЯ»,http://duma.gov.ru/duma/persons/99112895/,5502125
1055896,Яхнюк Сергей Васильевич,«ЕДИНАЯ РОССИЯ»,http://duma.gov.ru/duma/persons/1055896/,5488357
99109921,Чижов Сергей Викторович,«ЕДИНАЯ РОССИЯ»,http://duma.gov.ru/duma/persons/99109921/,5485767
99111543,Калашников Леонид Иванович,КПРФ,http://duma.gov.ru/duma/persons/99111543/,5465595
99100862,Игошин Игорь Николаевич,«ЕДИНАЯ РОССИЯ»,http://duma.gov.ru/duma/persons/99100862/,5465518
99111992,Умаханов Умахан Магомедгаджиевич,«ЕДИНАЯ РОССИЯ»,http://duma.gov.ru/duma/persons/99111992/,5456455
99112797,Ламейкин Дмитрий Викторович,«ЕДИНАЯ РОССИЯ»,http://duma.gov.ru/duma/persons/99112797/,5453334
99113129,Ионин Дмитрий Александрович,СПРАВЕДЛИВАЯ РОССИЯ,http://duma.gov.ru/duma/persons/99113129/,5450385
99100640,Арефьев Николай Васильевич,КПРФ,http://duma.gov.ru/duma/persons/99100640/,5446510
99112723,Бальбек Руслан Исмаилович,«ЕДИНАЯ РОССИЯ»,http://duma.gov.ru/duma/persons/99112723/,5432094
99112826,Палкин Андрей Васильевич,«ЕДИНАЯ РОССИЯ»,http://duma.gov.ru/duma/persons/99112826/,5428362
99110967,Зубарев Виктор Владиславович,«ЕДИНАЯ РОССИЯ»,http://duma.gov.ru/duma/persons/99110967/,5414608
99112916,Горелкин Антон Вадимович,«ЕДИНАЯ РОССИЯ»,http://duma.gov.ru/duma/persons/99112916/,5413159
99110097,Фокин Александр Иванович,«ЕДИНАЯ РОССИЯ»,http://duma.gov.ru/duma/persons/99110097/,5410155
99103008,Коломейцев Николай Васильевич,КПРФ,http://duma.gov.ru/duma/persons/99103008/,5409369
99112837,Поляков Александр Алексеевич,«ЕДИНАЯ РОССИЯ»,http://duma.gov.ru/duma/persons/99112837/,5404740
99100788,Шеин Олег Васильевич,СПРАВЕДЛИВАЯ РОССИЯ,http://duma.gov.ru/duma/persons/99100788/,5394973
99112802,Лященко Алексей Вадимович,«ЕДИНАЯ РОССИЯ»,http://duma.gov.ru/duma/persons/99112802/,5388059
99111067,Тумусов Федот Семёнович,СПРАВЕДЛИВАЯ РОССИЯ,http://duma.gov.ru/duma/persons/99111067/,5350201
99112573,Ооржак Мерген Дадар-оолович,«ЕДИНАЯ РОССИЯ»,http://duma.gov.ru/duma/persons/99112573/,5324591
99112841,Ревенко Евгений Васильевич,«ЕДИНАЯ РОССИЯ»,http://duma.gov.ru/duma/persons/99112841/,5322079
99112481,Шерин Александр Николаевич,ЛДПР,http://duma.gov.ru/duma/persons/99112481/,5294277
99112791,Кувычко Анна Александровна,«ЕДИНАЯ РОССИЯ»,http://duma.gov.ru/duma/persons/99112791/,5293332
99112783,Козенко Андрей Дмитриевич,«ЕДИНАЯ РОССИЯ»,http://duma.gov.ru/duma/persons/99112783/,5287216
99112850,Сапко Игорь Вячеславович,«ЕДИНАЯ РОССИЯ»,http://duma.gov.ru/duma/persons/99112850/,5279780
99112893,Щаблыкин Максим Иванович,«ЕДИНАЯ РОССИЯ»,http://duma.gov.ru/duma/persons/99112893/,5278164
99110948,Делимханов Адам Султанович,«ЕДИНАЯ РОССИЯ»,http://duma.gov.ru/duma/persons/99110948/,5263758
99111079,Черкасов Кирилл Игоревич,ЛДПР,http://duma.gov.ru/duma/persons/99111079/,5246661
99107891,Миронов Сергей Михайлович,СПРАВЕДЛИВАЯ РОССИЯ,http://duma.gov.ru/duma/persons/99107891/,5236316
99110957,Железняк Сергей Владимирович,«ЕДИНАЯ РОССИЯ»,http://duma.gov.ru/duma/persons/99110957/,5222233
99112831,Пашин Виталий Львович,ЛДПР,http://duma.gov.ru/duma/persons/99112831/,5221980
99112771,Иванов Максим Анатольевич,«ЕДИНАЯ РОССИЯ»,http://duma.gov.ru/duma/persons/99112771/,5216253
99111867,Кривоносов Сергей Владимирович,«ЕДИНАЯ РОССИЯ»,http://duma.gov.ru/duma/persons/99111867/,5209664
99112738,Боташев Расул Борисович,«ЕДИНАЯ РОССИЯ»,http://duma.gov.ru/duma/persons/99112738/,5184032
99112817,Николаев Николай Петрович,«ЕДИНАЯ РОССИЯ»,http://duma.gov.ru/duma/persons/99112817/,5180583
99112859,Скриванов Дмитрий Станиславович,«ЕДИНАЯ РОССИЯ»,http://duma.gov.ru/duma/persons/99112859/,5172854
99109943,Ткачев Алексей Николаевич,«ЕДИНАЯ РОССИЯ»,http://duma.gov.ru/duma/persons/99109943/,5114758
99107896,Игнатов Виктор Александрович,«ЕДИНАЯ РОССИЯ»,http://duma.gov.ru/duma/persons/99107896/,5059273
99112789,Красноштанов Алексей Николаевич,«ЕДИНАЯ РОССИЯ»,http://duma.gov.ru/duma/persons/99112789/,5058216
99112770,Зобнев Виктор Викторович,«ЕДИНАЯ РОССИЯ»,http://duma.gov.ru/duma/persons/99112770/,5008716
99110985,Колесников Олег Алексеевич,«ЕДИНАЯ РОССИЯ»,http://duma.gov.ru/duma/persons/99110985/,4711615
1055921,Золотарев Алексей Михайлович,«ЕДИНАЯ РОССИЯ»,http://duma.gov.ru/duma/persons/1055921/,4574070
99112724,Барышев Андрей Викторович,«ЕДИНАЯ РОССИЯ»,http://duma.gov.ru/duma/persons/99112724/,4484042
1055918,Сокол Сергей Михайлович,«ЕДИНАЯ РОССИЯ»,http://duma.gov.ru/duma/persons/1055918/,4394417
99111057,Старшинов Михаил Евгеньевич,«ЕДИНАЯ РОССИЯ»,http://duma.gov.ru/duma/persons/99111057/,4392407
1055920,Пьяных Дмитрий Сергеевич,ЛДПР,http://duma.gov.ru/duma/persons/1055920/,3991013
1055927,Чиркова Ирина Александровна,СПРАВЕДЛИВАЯ РОССИЯ,http://duma.gov.ru/duma/persons/1055927/,2560485
99111845,Ильясов Радик Сабитович,«ЕДИНАЯ РОССИЯ»,http://duma.gov.ru/duma/persons/99111845/,2388921
99112467,Гришин Евгений Анатольевич,«ЕДИНАЯ РОССИЯ»,http://duma.gov.ru/duma/persons/99112467/,2067866
1055930,Кузякин Дмитрий Викторович,КПРФ,http://duma.gov.ru/duma/persons/1055930/,379433
1055933,Парахин Гаврил Павлович,ЛДПР,http://duma.gov.ru/duma/persons/1055933/,0